"CTTphi1","CTTphi2","CTTphi3","CFAphi1","CFAphi2","CFAphi3","PCMphi1","PCMphi2","PCMphi3","GPCMphi1","GPCMphi2","GPCMphi3","CTTkappa1","CTTkappa2","CTTkappa3","CFAkappa1","CFAkappa2","CFAkappa3","PCMkappa1","PCMkappa2","PCMkappa3","GPCMkappa1","GPCMkappa2","GPCMkappa3","CTTtypeone1","CTTtypeone2","CTTtypeone3","CFAtypeone1","CFAtypeone2","CFAtypeone3","PCMtypeone1","PCMtypeone2","PCMtypeone3","GPCMtypeone1","GPCMtypeone2","GPCMtypeone3","CTTtypetwo1","CTTtypetwo2","CTTtypetwo3","CFAtypetwo1","CFAtypetwo2","CFAtypetwo3","PCMtypetwo1","PCMtypetwo2","PCMtypetwo3","GPCMtypetwo1","GPCMtypetwo2","GPCMtypetwo3"
0.416,0.509,0.567166666666667,0.4025,0.4765,0.534,0.402833333333333,0.485833333333333,0.547333333333333,0.398166666666667,0.479833333333333,0.533833333333333,0.395443665267006,0.486485949198106,0.554170155902254,0.393369375508918,0.475345491180727,0.534488069286151,0.392689541791127,0.478584785490413,0.544335314522241,0.39007594022729,0.478778423733694,0.534159122187561,0.059,0.0918222222222222,0.0949444444444444,0.0469555555555556,0.0530333333333333,0.0625222222222222,0.0488444444444444,0.0675888888888889,0.0728,0.0457333333333333,0.0528333333333333,0.0626555555555556,0.0204666666666667,0.0278,0.0372444444444444,0.0240222222222222,0.0449777777777778,0.0579666666666667,0.0236,0.0386555555555556,0.0507777777777778,0.0246,0.0445666666666667,0.0579444444444444
0.401,0.498,0.556,0.393333333333333,0.467666666666667,0.520333333333333,0.389,0.477,0.535333333333333,0.383,0.472666666666667,0.519666666666667,0.379752985333772,0.474100720973971,0.541012891146817,0.385071385231129,0.466992186790591,0.52100663583102,0.379359206321193,0.469646158186772,0.530859460735412,0.376654066169173,0.471594991120652,0.519956388289126,0.0606666666666667,0.096,0.0984666666666667,0.0468,0.0531333333333333,0.0636666666666667,0.0494666666666667,0.0695333333333333,0.0761333333333333,0.0446666666666667,0.0532666666666667,0.0640666666666667,0.0210666666666667,0.028,0.0382666666666667,0.0244,0.0458666666666667,0.0598,0.0241333333333333,0.039,0.0517333333333333,0.0256,0.0452666666666667,0.0598
