"CTTphi1","CTTphi2","CTTphi3","CFAphi1","CFAphi2","CFAphi3","PCMphi1","PCMphi2","PCMphi3","GPCMphi1","GPCMphi2","GPCMphi3","CTTkappa1","CTTkappa2","CTTkappa3","CFAkappa1","CFAkappa2","CFAkappa3","PCMkappa1","PCMkappa2","PCMkappa3","GPCMkappa1","GPCMkappa2","GPCMkappa3","CTTtypeone1","CTTtypeone2","CTTtypeone3","CFAtypeone1","CFAtypeone2","CFAtypeone3","PCMtypeone1","PCMtypeone2","PCMtypeone3","GPCMtypeone1","GPCMtypeone2","GPCMtypeone3","CTTtypetwo1","CTTtypetwo2","CTTtypetwo3","CFAtypetwo1","CFAtypetwo2","CFAtypetwo3","PCMtypetwo1","PCMtypetwo2","PCMtypetwo3","GPCMtypetwo1","GPCMtypetwo2","GPCMtypetwo3"
0.616166666666667,0.705333333333333,0.764666666666667,0.606833333333333,0.693166666666667,0.757333333333333,0.606833333333333,0.695166666666667,0.760833333333333,0.603666666666667,0.693166666666667,0.758333333333333,0.61046990492333,0.703109379508721,0.763290449844355,0.607273150993574,0.692962962962963,0.758659789966963,0.606471585621766,0.694861900070018,0.761242998429699,0.604102594405295,0.693333333333333,0.759955653562319,0.0281,0.0359666666666667,0.0385,0.0190666666666667,0.0276333333333333,0.0309333333333333,0.0208666666666667,0.0313666666666667,0.0325333333333333,0.0192666666666667,0.0276,0.0307666666666667,0.0144,0.0210666666666667,0.0245666666666667,0.0189666666666667,0.0276333333333333,0.0309333333333333,0.0181666666666667,0.0251,0.0292333333333333,0.0191,0.0276,0.0307666666666667
0.612666666666667,0.714,0.776666666666667,0.614666666666667,0.703,0.765666666666667,0.612333333333333,0.702333333333333,0.771333333333333,0.612,0.704333333333333,0.767666666666667,0.605740498721154,0.711036574619577,0.775351873259595,0.615000122488814,0.703703703703703,0.767254220456802,0.611844660584476,0.701961505921657,0.771609227816229,0.612295372948621,0.705185185185185,0.76932307183052,0.0305333333333333,0.036,0.0361333333333333,0.0190666666666667,0.0266666666666667,0.03,0.0206666666666667,0.0310666666666667,0.0306666666666667,0.0192,0.0265333333333333,0.0297333333333333,0.0141333333333333,0.0198666666666667,0.0238666666666667,0.0189333333333333,0.0266666666666667,0.03,0.0184,0.0242666666666667,0.0285333333333333,0.0190666666666667,0.0265333333333333,0.0297333333333333
