"CTTphi1","CTTphi2","CTTphi3","CFAphi1","CFAphi2","CFAphi3","PCMphi1","PCMphi2","PCMphi3","GPCMphi1","GPCMphi2","GPCMphi3","CTTkappa1","CTTkappa2","CTTkappa3","CFAkappa1","CFAkappa2","CFAkappa3","PCMkappa1","PCMkappa2","PCMkappa3","GPCMkappa1","GPCMkappa2","GPCMkappa3"
0.4242,0.5164,0.5532,0.397,0.4882,0.5248,0.4162,0.4964,0.5418,0.397,0.4888,0.5242,0.406999589708419,0.499764951991603,0.546145501029515,0.397972853310078,0.487762416771668,0.525245713384669,0.409356583603168,0.493553295155396,0.542035815724165,0.398285428722772,0.488385415316064,0.524675443027755
